{
    "model_path": "n:\\AudioForgeryDetection\\Frontend\\ConvNeXt\\results\\ConvNeXt_SplitBand_GAPGMP\\model_run1_epoch_12.pth",
    "split": "test",
    "metrics": {
        "mAP": 0.3246127727605332,
        "AUC": 0.764064118601583,
        "F1_micro": 0.5338491295938105,
        "F1_macro": 0.23267869172579106
    }
}