{
    "train_loss": [
        0.3405314708852995,
        0.17067990478287945,
        0.12958120417303032,
        0.10683742578393532,
        0.08716175229825047,
        0.07584382719970363,
        0.06659075496709231,
        0.05969293499405404,
        0.05134339990827395,
        0.048062124342529856,
        0.04027389236400128,
        0.03874943389960363,
        0.03202073429780098,
        0.026058449866523822,
        0.021543768352595808,
        0.02023342632825012,
        0.015538170995440168,
        0.012646721757489597,
        0.009726513241004845,
        0.00553088721125453,
        0.004794714190191726,
        0.004004431687815762,
        0.0029119325894188973,
        0.0019454387888473124,
        0.001429516567058534,
        0.00108047615587292,
        0.0007527625718284466,
        0.0011572253370030784,
        0.0005956597508474046,
        0.0010270764408911671
    ],
    "train_acc": [
        0.8625479462257476,
        0.9583193684132126,
        0.9762503258481362,
        0.9826648791568913,
        0.987366402264179,
        0.9892842512940826,
        0.9909134919748259,
        0.9924961829218337,
        0.9932782184485904,
        0.9940137042416117,
        0.9947305701411387,
        0.9954939857744014,
        0.9959222433247682,
        0.996704278851525,
        0.997328045283581,
        0.9973932149108107,
        0.9979145719286485,
        0.9983428294790154,
        0.9986035079879343,
        0.9991434848992664,
        0.9991714147395077,
        0.9994227833016796,
        0.9994507131419208,
        0.9996834618105984,
        0.9997113916508398,
        0.9998044911183108,
        0.9998696607455405,
        0.999823111011805,
        0.999823111011805,
        0.9998696607455405
    ],
    "val_loss": [
        0.07575895243392484,
        0.2999620181637954,
        0.29698721026696084,
        0.18350302486880715,
        0.07734304934153648,
        0.0602768303353514,
        0.14272810139193737,
        0.4582091859719319,
        0.018208543613347013,
        0.38778427704293134,
        0.40307730908462824,
        0.07721142467312916,
        0.029176281853376073,
        0.18838446223279345,
        0.21875093235458612,
        0.4006539178186344,
        0.05516817079177214,
        0.19416805308057916,
        0.6341319018843702,
        0.04031273961580079,
        0.02805943642100824,
        0.22303140683109465,
        0.28055928506982175,
        0.20819800845962144,
        0.09084452949430243,
        0.11889127148094805,
        0.09620440199834383,
        0.15125986261996185,
        0.17344049052151583,
        0.18136054131497412
    ],
    "val_acc": [
        0.9696946564885496,
        0.9032442748091603,
        0.9167175572519084,
        0.9441603053435115,
        0.9770229007633587,
        0.9805725190839695,
        0.966145038167939,
        0.9084351145038168,
        0.9948091603053435,
        0.9277862595419847,
        0.9253435114503816,
        0.9845038167938931,
        0.9927480916030534,
        0.966030534351145,
        0.9615648854961832,
        0.9307633587786259,
        0.988587786259542,
        0.9649618320610687,
        0.9133587786259542,
        0.9917175572519084,
        0.9934351145038168,
        0.9654198473282443,
        0.9570992366412214,
        0.9652671755725191,
        0.9841603053435114,
        0.9786259541984733,
        0.9819083969465648,
        0.9729389312977099,
        0.9688549618320611,
        0.967824427480916
    ],
    "val_auc": [
        0.9964765573101799,
        0.9966563982285415,
        0.9960121409008797,
        0.9989313472408368,
        0.9992313880310006,
        0.9987334217120214,
        0.9989425587087,
        0.9989513606433191,
        0.9998589767496067,
        0.9987946623157159,
        0.9982903502126915,
        0.9994680583882058,
        0.9998485665171027,
        0.9988975962939223,
        0.9990798613134432,
        0.997909638132976,
        0.9997016490880486,
        0.9991734951343162,
        0.9933047724491578,
        0.9997513868655672,
        0.9997500990618261,
        0.9987653895460638,
        0.9984540557077093,
        0.9988801876347533,
        0.999309265194336,
        0.999368716857992,
        0.9995238855544548,
        0.9992668929549561,
        0.9992169308315367,
        0.999147028145213
    ],
    "val_eer": [
        3.038167938931639,
        2.816793893149519,
        2.7328244274809195,
        1.5114503815892284,
        1.2137404580152127,
        1.6564885496189885,
        1.259541984732838,
        0.6870229007666291,
        0.5038167938931145,
        0.9618320610686987,
        1.1297709923667398,
        0.8396946564885568,
        0.5572519083968928,
        0.9465648854512324,
        0.7137404580152686,
        0.8473282442748136,
        0.58015267174522,
        0.8244274809160743,
        1.2831065383338902,
        0.48091603056292204,
        0.6183206106868866,
        0.7633587786262812,
        0.6641221373422667,
        0.6488549618320593,
        0.641221374084937,
        0.6297709923664122,
        0.6030534351145148,
        0.6564885496184508,
        0.6374045801526719,
        0.6583969465648829
    ]
}