{
  "1-1_small-sounding-engine": 0.7000000000000001,
  "1-2_medium-sounding-engine": 0.6000000000000001,
  "1-3_large-sounding-engine": 0.6500000000000001,
  "2-1_rock-drill": 0.7500000000000001,
  "2-2_jackhammer": 0.7500000000000001,
  "2-3_hoe-ram": 0.9500000000000001,
  "2-4_pile-driver": 0.9500000000000001,
  "3-1_non-machinery-impact": 0.6500000000000001,
  "4-1_chainsaw": 0.8500000000000001,
  "4-2_small-medium-rotating-saw": 0.9000000000000001,
  "4-3_large-rotating-saw": 0.8,
  "5-1_car-horn": 0.7000000000000001,
  "5-2_car-alarm": 0.9500000000000001,
  "5-3_siren": 0.8500000000000001,
  "5-4_reverse-beeper": 0.7000000000000001,
  "6-1_stationary-music": 0.9000000000000001,
  "6-2_mobile-music": 0.8,
  "6-3_ice-cream-truck": 0.8500000000000001,
  "7-1_person-or-small-group-talking": 0.6000000000000001,
  "7-2_person-or-small-group-shouting": 0.6500000000000001,
  "7-3_large-crowd": 0.8500000000000001,
  "7-4_amplified-speech": 0.6500000000000001,
  "8-1_dog-barking-whining": 0.8
}