{
    "train_loss": [
        0.4130476428018826,
        0.20121986589962074,
        0.13998431095580627,
        0.12115338703736406,
        0.10717921595331915,
        0.09342247881773744,
        0.08429256417800135,
        0.07617995755010307,
        0.07538498132176508,
        0.06766705312601966,
        0.06538290611373154,
        0.05676612449089633,
        0.04699253297130131,
        0.044598107862691756,
        0.045059475800772956,
        0.037242524020300226,
        0.031450758380247044,
        0.026075249696727473,
        0.021318450940080346,
        0.017839247727893477,
        0.014396776632174972,
        0.012692245366876239,
        0.0099744582569442,
        0.007906823895614859,
        0.006640471882215417,
        0.00575462479216148,
        0.004500298528519018,
        0.0030746371608553927,
        0.002847193210453333,
        0.0025321267681178024
    ],
    "train_acc": [
        0.8041984732824428,
        0.9362868047982552,
        0.9603735005452563,
        0.969397491821156,
        0.9750954198473283,
        0.978830425299891,
        0.9810932388222464,
        0.984432933478735,
        0.9853326063249728,
        0.9864776444929116,
        0.9878135223555071,
        0.9894629225736096,
        0.9919574700109052,
        0.9920119956379498,
        0.9922028353326063,
        0.9932251908396946,
        0.9947110141766631,
        0.9956243184296619,
        0.996551254089422,
        0.9967966194111232,
        0.9973691384950927,
        0.9979416575790622,
        0.9981870229007633,
        0.9985414394765539,
        0.9985550708833152,
        0.9989094874591058,
        0.9991275899672846,
        0.9993320610687023,
        0.9992639040348964,
        0.9993729552889858
    ],
    "val_loss": [
        0.5728701178620501,
        0.5639908629946593,
        0.13664074563534884,
        1.0386632121190793,
        0.10790870358554147,
        0.2083883121575615,
        0.154080398934439,
        0.3204184804713672,
        0.25719787214496515,
        0.12671914167713555,
        0.18549112286191524,
        0.22376518472801984,
        0.21814547222755032,
        0.4779634720123396,
        0.09795810478574755,
        0.09709517722140157,
        0.11441807844099325,
        0.22848870154191944,
        0.2368808251247662,
        0.2042273374782093,
        0.38189800174023264,
        0.26199195068006814,
        0.22218540803386555,
        0.2708517860859191,
        0.24625581412719175,
        0.1649157769801183,
        0.28188221158630744,
        0.15783131702110262,
        0.20405978174640926,
        0.27234288449920024
    ],
    "val_acc": [
        0.8389312977099237,
        0.874618320610687,
        0.9526717557251908,
        0.8295801526717558,
        0.957824427480916,
        0.9570610687022901,
        0.9603053435114504,
        0.9515267175572519,
        0.9570610687022901,
        0.9461832061068702,
        0.9662213740458016,
        0.9616412213740458,
        0.9612595419847328,
        0.9351145038167938,
        0.9398854961832062,
        0.9721374045801526,
        0.976526717557252,
        0.9709923664122138,
        0.9698473282442748,
        0.9723282442748091,
        0.9591603053435115,
        0.9685114503816794,
        0.9723282442748091,
        0.9683206106870229,
        0.9717557251908397,
        0.9778625954198473,
        0.9708015267175573,
        0.9791984732824427,
        0.976526717557252,
        0.9738549618320611
    ],
    "val_auc": [
        0.9655251733581959,
        0.987077821805256,
        0.992212866383078,
        0.9924384505564943,
        0.993567828215139,
        0.9954945807353883,
        0.9920614329001807,
        0.9860945603403065,
        0.9960950702173532,
        0.9929207942427597,
        0.9970229007633589,
        0.996784861022085,
        0.9977547928442398,
        0.9975556494376785,
        0.9964904434473515,
        0.9969627352718373,
        0.997760037293864,
        0.9981545364489248,
        0.9977491113571471,
        0.9979416992016782,
        0.9977272594837131,
        0.997136967542684,
        0.9974367752461977,
        0.9983729095041081,
        0.9985436454752055,
        0.9984132626303829,
        0.9983697045626712,
        0.99851567507721,
        0.9983568847969233,
        0.9982756686673271
    ],
    "val_eer": [
        10.114503816797606,
        5.610687022897167,
        4.999999999999915,
        4.198473282442762,
        4.274809160305364,
        3.1679389313406294,
        3.969465648851843,
        5.229007633597293,
        3.1297709923629595,
        3.7404580152671727,
        2.748091603054004,
        2.7480916030120826,
        2.3664122137411567,
        2.5190839694656066,
        2.709923664122346,
        2.5190839694655334,
        2.2900763358778615,
        1.9847328243177298,
        2.1374045801050694,
        2.099236641221581,
        2.5954198473282246,
        2.404580152674642,
        2.4045801526717585,
        1.9083969465480668,
        1.7175572520336413,
        2.0610687021758265,
        1.8320610687023398,
        1.8320610685611645,
        1.7938931299147425,
        1.9083969465648956
    ]
}