{
    "train_loss": [
        0.3522270731539191,
        0.17141482870257002,
        0.11429493912283366,
        0.10510769167115472,
        0.0856870162887947,
        0.07999520302636406,
        0.07276041279155514,
        0.060529716590913316,
        0.056373533298684615,
        0.05452713300303681,
        0.0451997489596783,
        0.04102242249888705,
        0.03483289292053355,
        0.028341566732687038,
        0.02392793849815626,
        0.023252949399319458,
        0.017136409420918583,
        0.013547016374617863,
        0.011269084814967327,
        0.009192819508063724,
        0.00514944084173543,
        0.004949962903369067,
        0.0038882394927174137,
        0.0021849794228302804,
        0.0018552349522928575,
        0.0016749641809687276,
        0.0011552408802323272,
        0.0012054477485540897,
        0.00066132765094049,
        0.0009138609987054384
    ],
    "train_acc": [
        0.8545972517037203,
        0.9603582467508286,
        0.9801232636949316,
        0.9840799910624511,
        0.9873198525304435,
        0.9891166722526347,
        0.990569023945183,
        0.9923844635608684,
        0.9927196216437641,
        0.9934551074367854,
        0.9948143596618627,
        0.9951681376382527,
        0.9954008863069304,
        0.9965180799165829,
        0.9971325364018918,
        0.9970301269876737,
        0.9976445834729826,
        0.9983707593192567,
        0.9982311101180501,
        0.9985941980411872,
        0.9990596953785424,
        0.9992272744199903,
        0.9994507131419208,
        0.9996089822366216,
        0.9996276021301158,
        0.9996927717573455,
        0.9998138010650579,
        0.9997672513313224,
        0.9998324209585521,
        0.9998324209585521
    ],
    "val_loss": [
        0.1837090691151211,
        0.05831908476050103,
        0.015486921184386607,
        0.046935303662660556,
        0.013603834363008967,
        0.021039900566059193,
        0.003162029982846994,
        0.033495058254440074,
        0.08482804168272744,
        0.0022432054327726353,
        0.002301472658894287,
        0.002103543705595343,
        0.030446689296850432,
        0.015056006923334754,
        0.0015716497993025472,
        0.002011851299891645,
        0.002463042331253635,
        0.004893056556796592,
        0.06567910253684532,
        0.007515189582070028,
        0.005890107135781302,
        0.0027453552835008544,
        0.010942425245115274,
        0.002479447909910132,
        0.003867302185879437,
        0.008829508697737461,
        0.0052796145552713855,
        0.003669256068756538,
        0.0018582548805828154,
        0.004950755919842179
    ],
    "val_acc": [
        0.9267557251908397,
        0.9794656488549618,
        0.9949618320610687,
        0.9856488549618321,
        0.9960305343511451,
        0.9935114503816794,
        0.998854961832061,
        0.9905725190839695,
        0.9767938931297709,
        0.9992748091603053,
        0.9993129770992366,
        0.9993129770992366,
        0.99206106870229,
        0.9962213740458016,
        0.999618320610687,
        0.9995801526717557,
        0.9994656488549618,
        0.9988167938931297,
        0.9866030534351145,
        0.9983206106870229,
        0.9987786259541984,
        0.9992748091603053,
        0.9976717557251908,
        0.9995419847328244,
        0.9990839694656488,
        0.9983206106870229,
        0.9988931297709923,
        0.9991221374045801,
        0.9994274809160305,
        0.9988931297709923
    ],
    "val_auc": [
        0.9975515645941379,
        0.999738701124643,
        0.999868393450265,
        0.9999294242759745,
        0.9999105529980771,
        0.9999838004778276,
        0.9999950993531845,
        0.9999977099236641,
        0.9999970339723792,
        0.9999975584173417,
        0.9999972699726123,
        0.9999980304178079,
        0.9999968300215605,
        0.9999986772332614,
        0.9999992949128839,
        0.9999994522463727,
        0.9999996212341937,
        0.9999984907639415,
        0.9999989919002389,
        0.999999370666045,
        0.9999979022201503,
        0.9999994114562089,
        0.9999997785676825,
        0.999999883456675,
        0.9999993590117126,
        0.999999883456675,
        0.9999997610861837,
        0.9999998018763475,
        0.99999967367869,
        0.9999998077035138
    ],
    "val_eer": [
        2.389312976989319,
        0.7480916030731293,
        0.442748091598892,
        0.4045801526715403,
        0.3893129770992359,
        0.16793893120920317,
        0.1221374044721862,
        0.05343511453768854,
        0.06870229016030077,
        0.06106870229008261,
        0.06870228997371285,
        0.04580152672039485,
        0.08396946564885402,
        0.05343511450381895,
        0.038167938931311395,
        0.03816793895928681,
        0.03816793893110985,
        0.03816793899700531,
        0.06106870223916832,
        0.04580152671766959,
        0.06870229007637693,
        0.03816793893129797,
        0.022900763358584604,
        0.022900763351732068,
        0.03816793893130503,
        0.02290076335880297,
        0.030534351145037643,
        0.030534351145042472,
        0.030534351145161984,
        0.02290076335880372
    ]
}