{
    "Global_EER": 7.8582386274693965,
    "Original_min_tDCF": 0.7502934725227153,
    "Calibrated_min_tDCF": 0.9043319157860685,
    "Optimal_Threshold": 0.7907907907907907,
    "Attack_EERs": {
        "A07": 0.0,
        "A08": 3.6630036630036633,
        "A09": 0.0814000814000814,
        "A10": 0.4477004477004477,
        "A11": 0.22385022385022385,
        "A12": 1.6687016687016685,
        "A13": 1.4855514855514855,
        "A14": 0.6715506715506716,
        "A15": 0.8343508343508342,
        "A16": 0.0814000814000814,
        "A17": 40.313390313390315,
        "A18": 9.910459910459911,
        "A19": 0.5901505901505901
    }
}