{
    "train_loss": [
        0.3633873207882735,
        0.1721355569140487,
        0.13457082521532512,
        0.11033642123864985,
        0.09532652760237949,
        0.08869173620915188,
        0.08102002585039425,
        0.06864124627069823,
        0.06075428827756483,
        0.05340624743705181,
        0.05092204799181832,
        0.046252544367558324,
        0.043661021496150594,
        0.03228374714696284,
        0.02757410761880238,
        0.02584019756468653,
        0.02203318179584411,
        0.017036841143475114,
        0.014594527021358574,
        0.011991980234000795,
        0.008731369520342173,
        0.00802486740359335,
        0.004968909342335614,
        0.0038339036220554307,
        0.003090045587365608,
        0.002685372200337721,
        0.0018117391473218838,
        0.0011791697455822065,
        0.0016309700493577673,
        0.0008740877438495473
    ],
    "train_acc": [
        0.8467420937840785,
        0.9502181025081788,
        0.9654580152671756,
        0.9741821155943293,
        0.978067066521265,
        0.982211014176663,
        0.9839422028353326,
        0.9863276990185387,
        0.9882360959651036,
        0.9902262813522356,
        0.9915485278080698,
        0.9922164667393675,
        0.9928571428571429,
        0.9942066521264995,
        0.995324427480916,
        0.9956515812431843,
        0.9960468920392584,
        0.9970692475463467,
        0.9973827699018538,
        0.9979007633587786,
        0.9983914940021811,
        0.9985141766630317,
        0.9991003271537623,
        0.9991684841875682,
        0.9991957470010905,
        0.9995092693565976,
        0.99953653217012,
        0.9997137404580153,
        0.9995774263904035,
        0.9997955288985824
    ],
    "val_loss": [
        0.159598017156851,
        0.2596655370803868,
        0.467530613946842,
        0.743485136729915,
        0.1422629488132349,
        0.4109233849591053,
        0.09147813937572831,
        0.065091462783152,
        0.40905641878546195,
        0.15858954620595864,
        0.08808898675878725,
        0.09862171994032773,
        0.16068678701821026,
        0.11397071308007381,
        0.36833148658887493,
        0.08415534779310181,
        0.1679580425621103,
        0.13585736446701757,
        0.21755543751042727,
        0.23423985046941576,
        0.19337401557548928,
        0.2625138736498562,
        0.1477188304106454,
        0.2504703662456139,
        0.16600443286301647,
        0.1593073539527434,
        0.16490126847573752,
        0.19209588613524298,
        0.2546345709101288,
        0.19551265393655318
    ],
    "val_acc": [
        0.8022900763358779,
        0.933206106870229,
        0.9087786259541984,
        0.8652671755725191,
        0.8522900763358778,
        0.9330152671755725,
        0.9763358778625955,
        0.9706106870229008,
        0.941793893129771,
        0.9738549618320611,
        0.9780534351145038,
        0.9774809160305343,
        0.9742366412213741,
        0.9788167938931298,
        0.9541984732824428,
        0.9530534351145038,
        0.9751908396946565,
        0.9822519083969465,
        0.9751908396946565,
        0.9715648854961833,
        0.9744274809160305,
        0.9732824427480916,
        0.9809160305343512,
        0.9732824427480916,
        0.9807251908396947,
        0.9809160305343512,
        0.9809160305343512,
        0.9782442748091603,
        0.9723282442748091,
        0.9772900763358778
    ],
    "val_auc": [
        0.9751852310471418,
        0.9878759979022201,
        0.9939876755433834,
        0.9945877279878795,
        0.9952256570129946,
        0.99679199930074,
        0.9967464017248413,
        0.996593147252491,
        0.9968499796049181,
        0.9974096789231397,
        0.9977343249227901,
        0.9975174086591689,
        0.9981224870345551,
        0.9978635423343627,
        0.9982205291066953,
        0.9973224171085601,
        0.9984412330283782,
        0.9980588252432842,
        0.9984790367694191,
        0.9983759687663888,
        0.9984102762076802,
        0.9983646057922032,
        0.9985456849833926,
        0.9980678573509701,
        0.9987202814521299,
        0.9987440999941728,
        0.9987825592914166,
        0.9986983567391178,
        0.9986495542217819,
        0.9985449565876114
    ],
    "val_eer": [
        8.3969465648855,
        5.648854961832072,
        3.9694656488549604,
        3.8167938931299115,
        3.2061068702324067,
        2.7862595419050127,
        2.4809160304756217,
        2.4809160305343485,
        2.3664122137389243,
        2.3282442748071586,
        2.366412213704589,
        2.1755725191218036,
        2.099236641221367,
        2.0229007633144085,
        1.832061068701919,
        2.1755725190358546,
        1.9465648854612283,
        1.7557251908536304,
        1.6030534351276524,
        1.488549618322474,
        1.6412213740464328,
        1.7938931296929175,
        1.6030534351176247,
        1.6030534351142718,
        1.3740458015267105,
        1.4503816794107331,
        1.4503816793893618,
        1.5267175572611855,
        1.6793893129770876,
        1.5267175572514577
    ]
}