{
    "train_loss": [
        0.27261857042602744,
        0.1327838370692431,
        0.09920775064583322,
        0.08044059565366299,
        0.07283278354248894,
        0.05908843649995041,
        0.04924100445349007,
        0.04600737181707813,
        0.040172437747906686,
        0.03302606351178756,
        0.030936874211058913,
        0.02846563535485047,
        0.02430541543289973,
        0.02063687416725911,
        0.014535617252155264,
        0.013336969532256918,
        0.011572069493399619,
        0.006421842188095957,
        0.007844187912591906,
        0.0040364796769935376,
        0.00588391239485962,
        0.002550154052469264,
        0.0014868974572563407,
        0.001183721248057762,
        0.0007651250850532423,
        0.00046792587571517995,
        0.0003208450233671048,
        0.000418793172066471,
        0.00021065538140451002,
        0.00032385308262991797
    ],
    "train_acc": [
        0.898717089338249,
        0.9733549324097867,
        0.9844151491453469,
        0.9885301456075671,
        0.9908110825606078,
        0.9924775630283394,
        0.9932595985550963,
        0.9941161136558299,
        0.9950005585968048,
        0.9956894946560906,
        0.9960153427922392,
        0.9966670390645366,
        0.9969649573604439,
        0.9974770044315346,
        0.9978400923546717,
        0.9983800692660038,
        0.9985383383607046,
        0.9988734964436004,
        0.9988734964436004,
        0.9992738241537258,
        0.9993576136744498,
        0.9994134733549324,
        0.9996927717573455,
        0.9998138010650579,
        0.9997951811715637,
        0.9998975905857819,
        0.9999534502662645,
        0.9998882806390348,
        0.9999720701597586,
        0.9999348303727703
    ],
    "val_loss": [
        1.7197193278259564,
        0.9556615058694172,
        3.216239120539447,
        0.8807972672572876,
        0.4717165615254575,
        0.08038827066328207,
        0.22917476916102203,
        0.7720962988634938,
        0.11107363622822987,
        1.0365854929454799,
        0.1068983647781551,
        0.15644975155288376,
        0.4130068877114838,
        1.5101406395159414,
        0.5356710064007338,
        0.42296121342497417,
        3.2544447450656406,
        0.629497451514494,
        0.9800165363209318,
        0.9149398500661174,
        0.7860669584084072,
        1.0933768826059724,
        0.9819434200608776,
        0.9687080507488628,
        0.6345534344129579,
        0.6004719281111836,
        0.46182521214524475,
        0.5828292225182112,
        0.6390821406773967,
        0.6949556849201525
    ],
    "val_acc": [
        0.5733206106870229,
        0.7418320610687023,
        0.5715648854961832,
        0.8112213740458015,
        0.8906870229007634,
        0.9754961832061069,
        0.9437404580152672,
        0.8537022900763359,
        0.9719847328244274,
        0.8282824427480916,
        0.9717557251908397,
        0.9654961832061069,
        0.9212595419847328,
        0.8013358778625954,
        0.9065648854961832,
        0.9244274809160306,
        0.6695038167938931,
        0.8908015267175573,
        0.8487022900763359,
        0.8610305343511451,
        0.8786641221374046,
        0.8375954198473282,
        0.8452290076335878,
        0.8569847328244274,
        0.8930152671755726,
        0.8974427480916031,
        0.9159923664122137,
        0.8998854961832061,
        0.8926335877862596,
        0.8825190839694657
    ],
    "val_auc": [
        0.9649827311928207,
        0.9890184662898432,
        0.9781107540353127,
        0.9925744129130004,
        0.9937572489948138,
        0.9977078491929376,
        0.9959589417866094,
        0.9965553755608646,
        0.9978749257036302,
        0.993489586853913,
        0.9967868014684459,
        0.9980525173358195,
        0.9972971621700367,
        0.984972973602937,
        0.9948118728512325,
        0.99741088223297,
        0.9508208816502535,
        0.9954045655847561,
        0.9940864722335527,
        0.993478969757007,
        0.9947633733465415,
        0.9937221781947438,
        0.9951814055124992,
        0.9928333109958628,
        0.9973663481149118,
        0.996750329234893,
        0.9979683526601014,
        0.9973808723267875,
        0.9967355544548684,
        0.9964750772099529
    ],
    "val_eer": [
        9.633587786275143,
        5.091603053435306,
        6.398613670264104,
        4.0000000000434905,
        3.4961832061066636,
        2.2977099236719036,
        2.9312977098704494,
        2.267175572582787,
        1.9847328244274856,
        2.615458015267173,
        2.351145038167929,
        1.9083969465646315,
        1.9236641221522597,
        2.6570779712339134,
        2.454198473282444,
        1.5160305343511435,
        8.910891089108912,
        1.8358778625778778,
        1.421100603851844,
        1.6333786468681357,
        1.6426655663296839,
        1.1837192892424167,
        1.3270698766882003,
        1.6417138635804056,
        1.052926208651399,
        1.2131532589547867,
        1.0458015267171932,
        1.2748091603101868,
        1.1714087439278231,
        1.2177231994819526
    ]
}