{
    "train_loss": [
        0.4158473436273277,
        0.22339282654154374,
        0.14671111771464998,
        0.11538340522174471,
        0.10633641366831433,
        0.09472823366270065,
        0.08880435604619961,
        0.07942003071793893,
        0.07328886318142266,
        0.07141084443955568,
        0.06326077807243755,
        0.05759564628872453,
        0.048647457097681306,
        0.04807444507426352,
        0.043520659150478605,
        0.03729344062131113,
        0.031054212362392898,
        0.02964524803402475,
        0.02274605618017548,
        0.020350614996839145,
        0.01884958398449673,
        0.013502336188492456,
        0.012056557061354882,
        0.009336222330262088,
        0.0070819421416945475,
        0.004226349967273121,
        0.005248420763009127,
        0.004744356231763371,
        0.00529936508369523,
        0.0031901647972905267
    ],
    "train_acc": [
        0.8046619411123228,
        0.9252998909487459,
        0.9590239912758997,
        0.9703244274809161,
        0.9752044711014176,
        0.9789667393675028,
        0.9812295528898582,
        0.9837241003271537,
        0.9850736095965104,
        0.9867502726281352,
        0.9882088331515813,
        0.9896401308615049,
        0.9912758996728462,
        0.992175572519084,
        0.992407306434024,
        0.993484187568157,
        0.9943565976008724,
        0.9951472191930207,
        0.9964967284623774,
        0.9966739367502726,
        0.9970419847328245,
        0.9977780806979281,
        0.9977917121046892,
        0.9983233369683752,
        0.9988004362050164,
        0.9991275899672846,
        0.9988958560523447,
        0.999236641221374,
        0.9992502726281353,
        0.9994138495092694
    ],
    "val_loss": [
        0.17754967855971035,
        0.1401258435827203,
        0.1257339767634687,
        0.09565149001186578,
        0.21607377567532948,
        0.8006202153316359,
        0.2586958827621235,
        0.09629229751483696,
        0.09553594000228657,
        0.0722271924218725,
        0.06142749199388185,
        0.4275982476680017,
        0.13668118659605658,
        0.38300280867246683,
        0.13622349600248015,
        0.2412699077116175,
        0.2814611194076062,
        0.3867698992381054,
        0.2761459455068689,
        0.4256169851187889,
        0.5029845622186435,
        0.5934850173582118,
        0.26331922155634124,
        0.18088000346517397,
        0.19994734022927843,
        0.1669694643892565,
        0.27035108132635866,
        0.18239451791839933,
        0.20936041434552174,
        0.2337556395493665
    ],
    "val_acc": [
        0.8681297709923664,
        0.8400763358778626,
        0.9496183206106871,
        0.958969465648855,
        0.9473282442748091,
        0.8782442748091603,
        0.95,
        0.9715648854961833,
        0.9183206106870229,
        0.9610687022900763,
        0.9610687022900763,
        0.9480916030534351,
        0.975763358778626,
        0.9469465648854962,
        0.9755725190839695,
        0.966030534351145,
        0.9645038167938931,
        0.9557251908396946,
        0.9666030534351145,
        0.9570610687022901,
        0.9480916030534351,
        0.941412213740458,
        0.9688931297709924,
        0.9788167938931298,
        0.9769083969465648,
        0.9795801526717557,
        0.9715648854961833,
        0.9780534351145038,
        0.9770992366412213,
        0.9727099236641221
    ],
    "val_auc": [
        0.9606899364838879,
        0.9814398199405631,
        0.9900557951168346,
        0.9940361867024067,
        0.9930650894470018,
        0.9955745585921565,
        0.9938114037643494,
        0.9963166482139735,
        0.9943546413379175,
        0.996130907289785,
        0.9966725423926344,
        0.9948811986480974,
        0.9971326700075754,
        0.9951772186935495,
        0.9977494755550375,
        0.9976547112639124,
        0.9976288532136823,
        0.9978092768486685,
        0.9982894353475904,
        0.9978509410873492,
        0.9978040323990444,
        0.997442748091603,
        0.9981661907814231,
        0.9984992133325564,
        0.9984778713361693,
        0.9986206369092709,
        0.9984376638890509,
        0.9987438086358604,
        0.9985718343919352,
        0.9985888788532136
    ],
    "val_eer": [
        10.839694656488549,
        6.870229007713911,
        5.000000000000005,
        4.122137404580219,
        4.236641221374057,
        3.3969465648854973,
        3.587786259541967,
        2.786259541920389,
        3.5877862595413985,
        2.9389312977099284,
        2.70992366412214,
        3.091603053435288,
        2.3664122137404413,
        3.5496183206101697,
        2.328244274854011,
        2.0610687023038143,
        2.1755725191079316,
        2.1374045801520016,
        1.9847328244538938,
        2.0992366412235053,
        2.06106870229429,
        2.1755725190390867,
        2.0992366412213714,
        1.717557251908394,
        1.7175572519083926,
        1.6412213740458401,
        1.7557251908390563,
        1.7557251908394091,
        1.6793893129770865,
        1.6793893128344068
    ]
}