{
    "train_loss": [
        0.3088376111936954,
        0.14218894851216105,
        0.10841831923331646,
        0.10052898337782015,
        0.08262737256748581,
        0.07338131867660257,
        0.0661522683807352,
        0.058788934340720536,
        0.05207648606172145,
        0.04825490604320539,
        0.039907589868585856,
        0.035826864242605595,
        0.030887452647642973,
        0.027969918894992906,
        0.0233380248359426,
        0.019674660494666093,
        0.01547110640762216,
        0.01359271117423344,
        0.009988765230348542,
        0.008780145790912653,
        0.004463449612139039,
        0.004620567109816708,
        0.0037374867648813774,
        0.002113160166062803,
        0.0013122702010777726,
        0.001276257416596793,
        0.0008997592310991197,
        0.0005491349098959104,
        0.0007349636032487846,
        0.0005483818838317585
    ],
    "train_acc": [
        0.8847943665929126,
        0.972430021423805,
        0.9834843535981456,
        0.9861535489762231,
        0.9891563937765603,
        0.9905963544410494,
        0.9918431496505461,
        0.9927123941980122,
        0.9937660239525165,
        0.9946001475081656,
        0.995179643873143,
        0.9957064587503951,
        0.9962508341235556,
        0.9966371650335405,
        0.9974098268535103,
        0.9977610367716784,
        0.9980156639623503,
        0.9983580936325642,
        0.998568819583465,
        0.9988936887577705,
        0.999262459171847,
        0.9992009974361676,
        0.9994468443788853,
        0.9996575703297861,
        0.9996663505777403,
        0.9997892740490991,
        0.9998156147929618,
        0.9998770765286412,
        0.9998507357847786,
        0.999868296280687
    ],
    "val_loss": [
        0.37273343745755544,
        0.36371238848896476,
        0.00722213096632634,
        0.31097544883065215,
        0.02860099683739622,
        0.016141222531420894,
        0.37873706286082,
        0.0033211246729523912,
        0.19309899158150487,
        0.0938658768007648,
        0.0031332212041464127,
        0.05143228639020986,
        0.005811136786425397,
        0.09121574648491432,
        0.07350102070423521,
        0.038935177701247846,
        0.009962576019043934,
        0.00336462703162841,
        0.025348273572754706,
        0.003917837459261808,
        0.005235252973402082,
        0.01580021854413841,
        0.0033374842807062286,
        0.00529953371463586,
        0.004435996949840473,
        0.002523899069741287,
        0.009522461897905884,
        0.007971818799809965,
        0.0057491335752920866,
        0.006812245575979415
    ],
    "val_acc": [
        0.8676795580110497,
        0.889060773480663,
        0.9974585635359116,
        0.9197790055248619,
        0.9911602209944751,
        0.9948618784530386,
        0.9091160220994475,
        0.9987845303867403,
        0.9455801104972376,
        0.9793370165745856,
        0.9992265193370166,
        0.9896685082872928,
        0.9987292817679558,
        0.9788950276243094,
        0.9843093922651933,
        0.9909944751381216,
        0.9975690607734806,
        0.9991160220994475,
        0.995414364640884,
        0.9992817679558011,
        0.999060773480663,
        0.9975138121546961,
        0.9994475138121547,
        0.9992265193370166,
        0.9993370165745856,
        0.9995027624309393,
        0.9981767955801105,
        0.9982872928176796,
        0.999060773480663,
        0.9986740331491712
    ],
    "val_auc": [
        0.999994961832061,
        0.9999993740458015,
        1.0,
        1.0,
        0.9999999847328245,
        1.0,
        1.0,
        1.0,
        0.9999999847328245,
        1.0,
        1.0,
        0.9999999847328245,
        1.0,
        1.0,
        1.0,
        1.0,
        1.0,
        1.0,
        1.0,
        1.0,
        1.0,
        0.9999999694656488,
        1.0,
        1.0,
        1.0,
        1.0,
        1.0,
        1.0,
        1.0,
        1.0
    ],
    "val_eer": [
        0.10000000010511158,
        0.030534351144172304,
        0.0,
        0.0,
        0.007633587786254245,
        0.0,
        0.0,
        0.0,
        0.007633587786254245,
        0.0,
        0.0,
        0.007633587786254245,
        0.0,
        0.0,
        0.0,
        0.0,
        0.0,
        0.0,
        0.0,
        0.0,
        0.0,
        0.007633587786254245,
        0.0,
        0.0,
        0.0,
        0.0,
        0.0,
        0.0,
        0.0,
        0.0
    ]
}