{
    "train_loss": [
        0.31147907243430295,
        0.1545695249814132,
        0.11281341160417376,
        0.09514868434376193,
        0.0833164011825313,
        0.07331088001171868,
        0.06871178824316056,
        0.055480638740010364,
        0.05426315444588246,
        0.049050544867436596,
        0.04031004020071058,
        0.03638426965980752,
        0.03138261473309024,
        0.026449659028450388,
        0.01991416875765009,
        0.020974780937204826,
        0.018705796069048986,
        0.012566562458768376,
        0.010984107271555372,
        0.008447191459891616,
        0.005547639360447359,
        0.0042920160411381815,
        0.0032568145358768757,
        0.0025568422792666243,
        0.0014469293860926353,
        0.0009364070502508956,
        0.0007782360455870283,
        0.000582352307133665,
        0.0005971007465754773,
        0.0004562713938788716
    ],
    "train_acc": [
        0.8762987375712211,
        0.9657114661304137,
        0.9797601757717946,
        0.9847503072282426,
        0.9881763676311771,
        0.9897404386846907,
        0.9909972814955499,
        0.9925148028153279,
        0.9929989200461773,
        0.994218523070048,
        0.9952612371057238,
        0.9954288161471716,
        0.9958384538040442,
        0.9966763490112837,
        0.9971604662421331,
        0.9975421740587643,
        0.997598033739247,
        0.9981659404908204,
        0.9985476483074517,
        0.9987338472423938,
        0.9992086545264961,
        0.9992272744199903,
        0.9994786429821622,
        0.9994507131419208,
        0.9996555319703572,
        0.9997486314378282,
        0.999823111011805,
        0.9998417309052993,
        0.9998789706922876,
        0.9998789706922876
    ],
    "val_loss": [
        1.0422878790556285,
        0.08667555664802289,
        0.8466419663505771,
        0.08675402999402294,
        0.06474725368444946,
        0.28046274005930344,
        0.08305516612857479,
        0.05978832467370389,
        0.05202008650635989,
        0.03755758856860921,
        0.08361982260109926,
        0.24752156304373427,
        0.1949613804783706,
        0.037491109944837106,
        0.07022830379213502,
        0.0873165787569725,
        0.03659226378810389,
        0.03461704670770046,
        0.24842739674949782,
        0.07578340040562534,
        0.21796387423459662,
        0.16699967009982733,
        0.1193472389399724,
        0.03927077639337824,
        0.0727712471438971,
        0.07251622744216554,
        0.06536335164317583,
        0.07997979153359247,
        0.06437228331040856,
        0.08231887083945437
    ],
    "val_acc": [
        0.6505343511450382,
        0.9668320610687023,
        0.7835114503816794,
        0.9723664122137404,
        0.979236641221374,
        0.9277480916030534,
        0.9766793893129772,
        0.9841984732824427,
        0.9857251908396947,
        0.9899618320610687,
        0.9805725190839695,
        0.9480152671755725,
        0.9600381679389313,
        0.9906870229007634,
        0.9847328244274809,
        0.9825954198473282,
        0.9911832061068703,
        0.9923664122137404,
        0.9519465648854962,
        0.9843893129770992,
        0.9594656488549619,
        0.966030534351145,
        0.9751908396946565,
        0.9916412213740458,
        0.9853435114503817,
        0.9858778625954199,
        0.9871755725190839,
        0.9840458015267176,
        0.9869083969465648,
        0.9838549618320611
    ],
    "val_auc": [
        0.9905078171435231,
        0.996093916438436,
        0.9977333721811081,
        0.9982705728104423,
        0.997964110483072,
        0.9976523978789114,
        0.999023699085135,
        0.9989520802983509,
        0.9990895548044987,
        0.9994960724899481,
        0.9992465240953324,
        0.9988902977681953,
        0.998625855136647,
        0.9995017918536215,
        0.9990341646757183,
        0.9993332964279471,
        0.9995913816211177,
        0.9997620214439719,
        0.9991238272827924,
        0.9997073830196375,
        0.9990432230056524,
        0.9995374949012295,
        0.9995443738709865,
        0.9996938960433541,
        0.9996005972845406,
        0.9997023046442516,
        0.9996492366412213,
        0.9996987850358371,
        0.9996866557892896,
        0.999682451488841
    ],
    "val_eer": [
        4.6870229007567294,
        2.900763358820878,
        2.083969465676486,
        1.8549618319824486,
        2.053435114503817,
        1.8091603053434695,
        1.2824427480967615,
        1.4045801525780433,
        1.4427480916026407,
        1.0152671755728497,
        1.1832061068701787,
        1.3053435115389964,
        1.473282442744054,
        0.893129770878984,
        1.2595419847328184,
        1.022900763358802,
        0.71755725197393,
        0.6412213740532277,
        0.8587786259079938,
        0.5190839694651349,
        0.7938931297710202,
        0.603053435179903,
        0.5648854961840948,
        0.5267175572519679,
        0.6488549618316203,
        0.5419847328242692,
        0.5572519083902466,
        0.5267175572117302,
        0.5496183206106887,
        0.5419847328406946
    ]
}