{
    "train_loss": [
        0.2906474900071938,
        0.13748033110514404,
        0.10417327684727119,
        0.100450608659723,
        0.08747231280818393,
        0.06956795303547587,
        0.07251919044350022,
        0.061154306135888625,
        0.05760231244175952,
        0.04863970030175103,
        0.046275266840586214,
        0.036035118573910785,
        0.03254254683151571,
        0.026569357373081116,
        0.02302089485317829,
        0.01794675956475954,
        0.01673521180278808,
        0.01382288035239654,
        0.010326379512124109,
        0.008267823629963247,
        0.0066248122250342914,
        0.0047974198218839565,
        0.003680585083619728,
        0.0025014385587556003,
        0.00165352930990248,
        0.001543520741547484,
        0.001399232187059311,
        0.0005102290015010394,
        0.0006413078366655395,
        0.0006327508755349235
    ],
    "train_acc": [
        0.8870424161173798,
        0.9719118906639854,
        0.9816594049082039,
        0.9846199679737832,
        0.9876363907198451,
        0.9902152459687931,
        0.9909600417085614,
        0.9923192939336387,
        0.9929244404722005,
        0.9942464529102893,
        0.9945629910996909,
        0.9958663836442856,
        0.9957639742300674,
        0.9964249804491119,
        0.9966856589580307,
        0.9975142442185231,
        0.9977190630469593,
        0.9981752504375675,
        0.9986221278814286,
        0.9988362566566119,
        0.9990596953785424,
        0.9992365843667375,
        0.9993669236211968,
        0.9995624325028861,
        0.9996555319703572,
        0.9997765612780695,
        0.999739321491081,
        0.9998789706922876,
        0.9998510408520463,
        0.9998789706922876
    ],
    "val_loss": [
        0.4274707595910025,
        0.9653209134112907,
        0.40082161927370535,
        0.4157923852100306,
        0.16900896405610938,
        0.28200498038318406,
        1.5918474716989761,
        0.27095295147678344,
        1.1593942132384274,
        1.0267944959786492,
        0.1238334768207917,
        1.1198459426344927,
        0.1973268053175094,
        0.11028615796713205,
        1.2926568215452774,
        0.3401885956317558,
        0.21950605378475793,
        0.11229721509290515,
        0.48666985504591787,
        1.560485355482125,
        1.0531141818988223,
        0.48634886524115833,
        0.45641423955017596,
        0.4345375344477443,
        0.45139250916932205,
        0.46534716248064,
        0.5803162019888878,
        0.6454462357011187,
        0.5304931382119226,
        0.626155748008022
    ],
    "val_acc": [
        0.836793893129771,
        0.7328625954198473,
        0.8773282442748092,
        0.8924427480916031,
        0.9611832061068702,
        0.9329007633587786,
        0.7260305343511451,
        0.9419847328244275,
        0.7968702290076336,
        0.8340458015267176,
        0.9696564885496183,
        0.8291221374045802,
        0.9577099236641221,
        0.9743511450381679,
        0.8043893129770993,
        0.9382442748091603,
        0.9566793893129771,
        0.9755343511450382,
        0.9167557251908397,
        0.781793893129771,
        0.8474045801526717,
        0.915,
        0.9241984732824428,
        0.9226335877862596,
        0.9248473282442748,
        0.917175572519084,
        0.9005725190839695,
        0.8923664122137405,
        0.9104580152671756,
        0.8961068702290076
    ],
    "val_auc": [
        0.9855689149816443,
        0.9905955742672339,
        0.9956741186411049,
        0.9949845201328594,
        0.9869062991667152,
        0.9963913233494552,
        0.9935685478701708,
        0.996295740341472,
        0.9947189645125576,
        0.9934709136996679,
        0.9963316356855662,
        0.9921262805197832,
        0.9978356010721987,
        0.9971616485053318,
        0.9922134898898666,
        0.9964402540644484,
        0.9983724345900589,
        0.9981163685099935,
        0.9973586125517161,
        0.9902473865159374,
        0.99294623273702,
        0.997440076335878,
        0.9973808373637899,
        0.9976766534584233,
        0.9977960783171144,
        0.9980180816968708,
        0.9976767233844183,
        0.9972713332556378,
        0.9976874278888176,
        0.9974511654332497
    ],
    "val_eer": [
        5.664122137404546,
        4.641221374045601,
        3.229007633587757,
        3.4274809159777333,
        4.0687022900763266,
        2.8854961832061043,
        3.528244274809161,
        2.725190839683913,
        3.0992366412213723,
        2.81440839694656,
        2.824427480879631,
        2.8117775354401644,
        1.9847328244884097,
        2.419847328244267,
        2.718193384223921,
        2.557251908541623,
        1.7404580152672433,
        1.9618320610687092,
        2.0648854961832077,
        1.9465648854961806,
        1.8849013581837986,
        1.8295165394402073,
        1.7226463103985001,
        1.7419847328244273,
        1.5038167938787899,
        1.526717557268949,
        1.4205412907735635,
        1.3893129770992494,
        1.3358778625911467,
        1.3352906635347719
    ]
}