{
    "train_loss": [
        0.47047495030980874,
        0.2501932773492768,
        0.18037019066118454,
        0.14457022149441717,
        0.12006586270514849,
        0.10602366218569813,
        0.09104410033719945,
        0.08168834124609832,
        0.0720619752313037,
        0.07027270613368605,
        0.0647722795585645,
        0.05724204911365191,
        0.04471313470787166,
        0.04206691205644322,
        0.03829770562382986,
        0.034260122583868825,
        0.02888916406396214,
        0.025595781733239276,
        0.023575217355772858,
        0.018743507080027914,
        0.014860489069704342,
        0.013150623129260866,
        0.010075443098607868,
        0.007502374833573982,
        0.007686592130979853,
        0.006206736993205534,
        0.0033998846100420747,
        0.003523383030095605,
        0.0028774392815716756,
        0.00389205417254638
    ],
    "train_acc": [
        0.7724395674300254,
        0.9109573791348601,
        0.9417302798982188,
        0.9563613231552163,
        0.9657760814249364,
        0.9720896946564885,
        0.9766698473282442,
        0.9789440203562341,
        0.9824745547073791,
        0.9833810432569975,
        0.9857188295165394,
        0.9875954198473282,
        0.989821882951654,
        0.9912849872773537,
        0.9923982188295165,
        0.9927958015267175,
        0.9943384223918575,
        0.9947996183206107,
        0.9954039440203563,
        0.9964058524173028,
        0.9969942748091603,
        0.9975826972010178,
        0.9978371501272265,
        0.9981552162849873,
        0.9984732824427481,
        0.9985687022900763,
        0.999236641221374,
        0.999204834605598,
        0.9995547073791349,
        0.9991094147582698
    ],
    "val_loss": [
        0.24032233437386954,
        0.5248147314641534,
        0.37224245062325056,
        0.5365079455986256,
        0.1789339627252846,
        0.5427509442698665,
        0.11678559243361034,
        0.13098510568847926,
        1.9001602319682516,
        0.1942195117050532,
        0.3785260169335255,
        0.17615481927599078,
        0.21436221343351575,
        0.19661796559216227,
        0.3349237933970715,
        0.2555150377518702,
        0.3891352591212703,
        0.13708131029497742,
        0.5676421801582342,
        0.5134966697106592,
        0.3737089165771045,
        0.7405165922487291,
        0.19580093286693714,
        0.37093103720253123,
        0.3215622637398178,
        0.3964551187478142,
        0.2771969456798393,
        0.2867255198312128,
        0.24924432143766687,
        0.25650868035775537
    ],
    "val_acc": [
        0.8648854961832061,
        0.8721374045801527,
        0.9055343511450382,
        0.8872137404580153,
        0.9513358778625954,
        0.892175572519084,
        0.9496183206106871,
        0.9604961832061069,
        0.7648854961832061,
        0.9597328244274809,
        0.9374045801526718,
        0.9645038167938931,
        0.8696564885496183,
        0.9652671755725191,
        0.9553435114503817,
        0.9604961832061069,
        0.9507633587786259,
        0.9727099236641221,
        0.9360687022900763,
        0.9477099236641221,
        0.9587786259541985,
        0.9303435114503816,
        0.9736641221374046,
        0.9606870229007634,
        0.9656488549618321,
        0.9597328244274809,
        0.9688931297709924,
        0.9713740458015268,
        0.9721374045801526,
        0.9715648854961833
    ],
    "val_auc": [
        0.9489990385175688,
        0.979226880717907,
        0.9829100868247772,
        0.9897666219917255,
        0.992568906240895,
        0.9886427073014393,
        0.9908899539653867,
        0.9941697744886662,
        0.992043004486918,
        0.9952429928325855,
        0.9955076918594489,
        0.9953902016199522,
        0.9950602383310995,
        0.9945416205349339,
        0.9963422877454692,
        0.9954567041547696,
        0.9966342287745468,
        0.9966479954548103,
        0.9966131052968941,
        0.9971974243925179,
        0.9972382873958394,
        0.9964802459064157,
        0.997598479109609,
        0.9971927626595187,
        0.9966849979604919,
        0.9972819911427073,
        0.9976150865334189,
        0.9976825359827516,
        0.9974014480508129,
        0.9974080764524211
    ],
    "val_eer": [
        12.595419847163958,
        7.671755725191246,
        6.755725190846838,
        4.999999999910738,
        4.618320610687019,
        5.610687022939215,
        4.694656488549088,
        3.7786259542386778,
        4.46564885504794,
        3.282442748091525,
        3.5496183206125957,
        3.47328244261751,
        3.2061068702625186,
        3.3969465648853783,
        3.0152671755113643,
        3.587786259542329,
        2.5190839695163203,
        2.595419847328221,
        2.557251908295581,
        2.3664122137404555,
        2.748091603053159,
        2.97709923664357,
        2.328244274806618,
        2.290076335881683,
        2.557251908396952,
        2.404580152671741,
        2.328244274809143,
        2.137404580152677,
        2.2137404580037807,
        2.4427480915400155
    ]
}