{
    "train_loss": [
        0.4242242434124585,
        0.2365030059826405,
        0.16170141299489849,
        0.1344635400250424,
        0.11727886549225557,
        0.10870490935327624,
        0.08939075390383018,
        0.08575514071474238,
        0.07698327670600136,
        0.07464517629702833,
        0.06134550098068482,
        0.053705706065986,
        0.04817549706274339,
        0.0424977012770881,
        0.04135443020639837,
        0.036341971541051406,
        0.027550253824649068,
        0.025984281879462234,
        0.02324170642986323,
        0.018701239016900573,
        0.015515150169854827,
        0.011074466457996458,
        0.009600420749514104,
        0.007049437427018413,
        0.004452607738682095,
        0.004645429497820647,
        0.004297659581210465,
        0.0033390665485932684,
        0.0028210143960203794,
        0.002495564887282763
    ],
    "train_acc": [
        0.8059432933478735,
        0.9223555070883315,
        0.9532579062159214,
        0.9635632497273718,
        0.9707197382769902,
        0.975081788440567,
        0.9792121046892039,
        0.9812022900763359,
        0.9840103598691385,
        0.9857279171210469,
        0.9885905125408943,
        0.9896128680479825,
        0.9909214830970556,
        0.9926526717557251,
        0.9925299890948746,
        0.9940976008724101,
        0.9953789531079608,
        0.9956379498364231,
        0.9961832061068703,
        0.9967148309705561,
        0.9972055616139586,
        0.9980098146128681,
        0.9980643402399128,
        0.9986641221374046,
        0.9990185387131952,
        0.9991275899672846,
        0.9991957470010905,
        0.9993320610687023,
        0.9994547437295529,
        0.9994002181025082
    ],
    "val_loss": [
        0.18378970381326792,
        0.26355279355150896,
        0.11820630511132682,
        0.41821623048404366,
        0.5543225428498373,
        0.09610255416936991,
        0.3273041462752877,
        0.47864935626616567,
        2.3809200670660995,
        0.40286617435333205,
        1.1703398325821248,
        0.8154409187959462,
        0.2781805833489293,
        0.13498189022605558,
        0.32285387617558603,
        0.07867751849982774,
        0.16501963385838658,
        0.271873641944073,
        0.24954906108129163,
        0.09349706113585499,
        0.1803120641556367,
        0.3871268594251355,
        0.2511545002425032,
        0.3303308676370695,
        0.2314957883840756,
        0.29921445645745404,
        0.2550514559690738,
        0.26419908078543547,
        0.2540667817083886,
        0.2762771734297952
    ],
    "val_acc": [
        0.8555343511450382,
        0.9209923664122137,
        0.9108778625954198,
        0.9135496183206107,
        0.8967557251908397,
        0.9576335877862595,
        0.9416030534351145,
        0.9236641221374046,
        0.7591603053435114,
        0.7145038167938931,
        0.8528625954198473,
        0.9022900763358779,
        0.9551526717557252,
        0.9734732824427481,
        0.9522900763358778,
        0.9709923664122138,
        0.9727099236641221,
        0.9666030534351145,
        0.9685114503816794,
        0.9723282442748091,
        0.9748091603053435,
        0.9597328244274809,
        0.9727099236641221,
        0.966030534351145,
        0.9711832061068703,
        0.966412213740458,
        0.9725190839694656,
        0.9723282442748091,
        0.9711832061068703,
        0.9696564885496183
    ],
    "val_auc": [
        0.9572382145562613,
        0.9827145853971214,
        0.9841115756657538,
        0.9897316589942312,
        0.9902067187226852,
        0.9939935027096323,
        0.9939315890682362,
        0.9941865275916323,
        0.9957337859099119,
        0.9915682361167764,
        0.9921513897791503,
        0.9955825709457492,
        0.9950713827865508,
        0.9969698007109141,
        0.9963370432958453,
        0.9967849338616631,
        0.997231658994231,
        0.9975330691684633,
        0.99722320960317,
        0.9971197774022492,
        0.9975628605559118,
        0.9974424567332907,
        0.997866965794534,
        0.9973302837829963,
        0.9975871161354233,
        0.9974592826758347,
        0.9976623594196143,
        0.9977098508245441,
        0.9979775362741099,
        0.9979466522929898
    ],
    "val_eer": [
        11.259541984706036,
        7.022900763358769,
        6.030534351176215,
        5.267175572519192,
        5.1526717557760655,
        4.122137404574997,
        4.0839694656491945,
        3.969465648854965,
        3.015267175577883,
        4.083969465647439,
        4.847328244274753,
        3.015267175572698,
        3.5877862595112524,
        2.2900763358782,
        3.3969465648855066,
        2.442748091603008,
        2.595419847330722,
        2.213740457970172,
        2.4427480917192534,
        2.7099236641207924,
        2.2519083969297893,
        2.1755725190839663,
        1.9847328244270606,
        2.0992366412213688,
        2.5190839694936713,
        2.137404580152159,
        2.21374045799425,
        2.2519083969465603,
        1.8702290076268842,
        2.0610687021947056
    ]
}