{
    "run_metadata": {
        "run_name": "ConvNeXt-GAPGMP"
    },
    "train_loss": [
        0.7135925266227587,
        0.6003806230731951,
        0.5626037477602502,
        0.5383553875801554,
        0.5202780623855389,
        0.5191529829851148,
        0.4818975943742142,
        0.4619476042221682,
        0.44491169102920974,
        0.4295475393217035,
        0.4141740718374849,
        0.3987867751256634,
        0.38351301412585215,
        0.36749892332618606,
        0.3547513757996182,
        0.33812085724707336,
        0.32571649496853705,
        0.31322048910604317,
        0.29965622796992625,
        0.28582553577817177
    ],
    "val_loss": [
        0.6448374614671425,
        0.5683654015814816,
        0.5517244655776907,
        0.5542078257710845,
        0.5440253114258802,
        0.4984977579779095,
        0.48653773610238676,
        0.48222605575014044,
        0.47681474889870046,
        0.4717156665744605,
        0.5039805278733924,
        0.4843432735513758,
        0.5054916493870594,
        0.49876185854276023,
        0.501549267106586,
        0.559128917588128,
        0.5368729139367739,
        0.5624137878969864,
        0.5819306556825284,
        0.5854555663135317
    ],
    "val_mAP": [
        0.09276084827381395,
        0.16782314915636656,
        0.20192532424457899,
        0.2203709202039143,
        0.23905255098244996,
        0.2567791055268511,
        0.2732119732785084,
        0.28455539834567156,
        0.29247200182230343,
        0.2959996118991569,
        0.2902535941609439,
        0.29558569589327816,
        0.2935035731899184,
        0.2956257848951063,
        0.29314653245918104,
        0.28829329143903754,
        0.2889473334448908,
        0.2838698276284019,
        0.2814318663371897,
        0.2796980865110998
    ],
    "grad_norm": [
        43561.48168867476,
        4.520429181802259,
        2.2668298880161943,
        2.286343520553259,
        2.249770037867382,
        1.6137146174326258,
        1.6808892130850803,
        1.8906142720074715,
        2.0387656779779517,
        2.2265806364210436,
        2.420854043741509,
        2.5632046940635633,
        2.751219953535926,
        2.8970538492470372,
        3.0752431761994794,
        3.080850090341658,
        3.3085176626429798,
        3.3521164557524994,
        3.394020476524772,
        3.4456036481307635
    ],
    "update_ratio": [
        0.014559488290346012,
        0.0005066356103994085,
        3.68441891366136e-05,
        3.6206136418719906e-05,
        3.5543693212463304e-05,
        1.8131286166557132e-05,
        1.2617822998839281e-05,
        1.2384711140738778e-05,
        1.243334777951609e-05,
        1.263148970537085e-05,
        1.2996914343773977e-05,
        1.2839328292898903e-05,
        1.3221510575700198e-05,
        1.2678552681326827e-05,
        1.282514899617268e-05,
        1.2164304252643923e-05,
        1.213692037578433e-05,
        1.147828025943399e-05,
        1.0805686241244003e-05,
        1.0159519213708583e-05
    ],
    "grad_min": [
        -12041.39321107538,
        -1.2817075513259297,
        -0.4987591498013511,
        -0.4819470615144885,
        -0.4547983965492305,
        -0.3078713468908208,
        -0.27208472948429013,
        -0.28971849112752757,
        -0.30306842309173193,
        -0.31786003635829,
        -0.33341171795671637,
        -0.33778015295441627,
        -0.36161657472041026,
        -0.36302446509758723,
        -0.381801448199445,
        -0.37893514625437846,
        -0.3990498541413401,
        -0.3982630552550274,
        -0.40650470843351716,
        -0.40128397423479323
    ],
    "grad_max": [
        13624.462933965951,
        1.2742656456678225,
        0.49713367229017486,
        0.4766666873708948,
        0.4582335420894088,
        0.3119843487782841,
        0.2709403563304029,
        0.29034409349192697,
        0.3054393182432778,
        0.3208857406163863,
        0.3352690208725271,
        0.33907374755480496,
        0.3626920528525163,
        0.36037550172565114,
        0.3815931006122508,
        0.37471967053279687,
        0.39844669242430186,
        0.3959899366851962,
        0.40115679332540055,
        0.400456191666222
    ]
}