{
    "train_loss": [
        0.2840254099045599,
        0.12921837154978874,
        0.10796195371550897,
        0.100420034739295,
        0.08477477872715393,
        0.08173733602092789,
        0.07304869626779188,
        0.06776605238145894,
        0.059389342379124854,
        0.05399929947432956,
        0.04529595857787807,
        0.040059642427034,
        0.03649297869826538,
        0.032154673831684716,
        0.029741949824896294,
        0.02193095901982053,
        0.022713094302421667,
        0.017498260428308567,
        0.01236175032117326,
        0.009002813919282029,
        0.010837034827599958,
        0.005794138579490748,
        0.005646514781091652,
        0.002926032588982097,
        0.0030385320328884273,
        0.002102167132694848,
        0.0014139444860021022,
        0.0007474423219896973,
        0.0011666151320360728,
        0.0005632920223744687
    ],
    "train_acc": [
        0.894006256284214,
        0.9749096935165531,
        0.9832979555356943,
        0.9858209511041597,
        0.9878318996015343,
        0.9893401109745652,
        0.9911369306967565,
        0.9921424049454437,
        0.9926079022827989,
        0.9936599262652218,
        0.9942092131233009,
        0.9950098685435519,
        0.9957732841768145,
        0.9960618925259748,
        0.996620489330801,
        0.9972721856030984,
        0.9973839049640636,
        0.9980356012363609,
        0.9985010985737162,
        0.998752467135888,
        0.998845566603359,
        0.9990690053252895,
        0.9993296838342085,
        0.9994879529289092,
        0.9995624325028861,
        0.9997207015975869,
        0.9997113916508398,
        0.9998417309052993,
        0.9998324209585521,
        0.9998882806390348
    ],
    "val_loss": [
        0.5594051905728099,
        0.6063469010176898,
        0.15604961629401148,
        0.6525440610577368,
        0.4443029276527818,
        0.19124694753022248,
        0.08735677209781055,
        1.4108272947528606,
        0.4516888443375397,
        0.5935764696391015,
        0.7481906568607327,
        0.5369421436356853,
        0.18173173498071551,
        0.10158929441159285,
        0.7585539730818474,
        0.20923954100067843,
        0.2084542418162268,
        0.15614263262502456,
        0.11778272492809057,
        0.13385895384377425,
        0.5444215111337877,
        0.1933860501816815,
        0.14575277678063853,
        0.20933317624596523,
        0.06965293572137524,
        0.064750539992445,
        0.09490584763259008,
        0.1756238762460871,
        0.13230088002927778,
        0.17269502442861395
    ],
    "val_acc": [
        0.8208778625954198,
        0.832824427480916,
        0.9466412213740458,
        0.8540458015267176,
        0.9030534351145039,
        0.9500763358778626,
        0.9764885496183207,
        0.7688167938931297,
        0.9148091603053435,
        0.8970610687022901,
        0.8748854961832061,
        0.9021374045801527,
        0.9629389312977099,
        0.9797709923664122,
        0.89,
        0.9603053435114504,
        0.9612595419847328,
        0.9711832061068703,
        0.9768320610687022,
        0.9749618320610687,
        0.9176717557251909,
        0.9681679389312977,
        0.9739312977099237,
        0.9641984732824428,
        0.9863740458015268,
        0.9868320610687022,
        0.9830916030534351,
        0.9702671755725191,
        0.9768702290076335,
        0.9705725190839695
    ],
    "val_auc": [
        0.9861910290775594,
        0.9900472320960316,
        0.9929764058038574,
        0.9950593846512442,
        0.9975192879202844,
        0.9978871452712548,
        0.9981499155060892,
        0.9962276032865216,
        0.9970722306392402,
        0.9942942835499097,
        0.9956468475030592,
        0.9980688479692325,
        0.9991083561564013,
        0.9989348027504226,
        0.9953994260241245,
        0.9988561942777227,
        0.9989702581434649,
        0.9989626274692617,
        0.9989800827457608,
        0.9987816269448166,
        0.9976439047841036,
        0.9987270788415593,
        0.9992710302429928,
        0.9990710418973254,
        0.9995302400792494,
        0.9995436425616222,
        0.9994479575782298,
        0.9992570275624963,
        0.999340475496766,
        0.9992638715692559
    ],
    "val_eer": [
        6.083969465652841,
        4.328244274806863,
        4.015267175589289,
        3.5572519083971437,
        2.25954198473264,
        1.992366412208715,
        2.000000000035446,
        2.4778625954100306,
        2.2519083970202685,
        2.854961832061066,
        2.299890948745913,
        1.8880407124681926,
        1.328244274809937,
        1.259541984736467,
        1.5399933620975772,
        1.3053435114503922,
        1.1908396945376674,
        1.2900763358778753,
        1.1679389314056117,
        1.2977099236900858,
        1.0810614322073346,
        1.3511450383390102,
        0.9007633587610401,
        1.0076335877862546,
        0.8244274809490819,
        0.8625954198473278,
        0.8625954198807793,
        0.8931297708299172,
        0.908396946524702,
        0.9389312977302513
    ]
}