{
    "run_metadata": {
        "run_name": "ConvNeXt-SplitBand"
    },
    "train_loss": [
        0.6959330069413574,
        0.5955192649378546,
        0.557283555075016,
        0.5290729801798374,
        0.5067815529061602,
        0.5014942127951765,
        0.4659550074738623,
        0.44876991031161445,
        0.43828666977223707,
        0.42652995963586404,
        0.4159637661265933,
        0.403896841681271,
        0.3912693881017399,
        0.3776723424581879,
        0.36300475065021337,
        0.3492414244442932,
        0.3337734568921284,
        0.32151574172616143,
        0.3064926422015272,
        0.2925690008940916
    ],
    "val_loss": [
        0.6392855364967276,
        0.5801799720084225,
        0.5368825884880843,
        0.5188189534125505,
        0.5050979277601948,
        0.4860304841288814,
        0.47090316911538443,
        0.4580264936994623,
        0.46445395394607825,
        0.4605083844176045,
        0.46298729705589786,
        0.4504508545553243,
        0.4591533201712149,
        0.469906285405159,
        0.47293272658630653,
        0.48514905792695506,
        0.4823542117520615,
        0.4966121284498109,
        0.5158758224160583,
        0.5134738226179724
    ],
    "val_mAP": [
        0.11507681460071935,
        0.16265124633851466,
        0.2166394341691382,
        0.24112615544820612,
        0.2589044138767465,
        0.28347350413732714,
        0.2959465440763989,
        0.3072577615047475,
        0.3111981602994732,
        0.31995479326287346,
        0.3207412972000981,
        0.32900511239351543,
        0.32888151582403463,
        0.3244924796790908,
        0.3253722337347815,
        0.3248968207186182,
        0.3205154774000005,
        0.31759246889562825,
        0.31562720783833514,
        0.31452915273934445
    ],
    "grad_norm": [
        58352.59762713531,
        3.733035536630833,
        1.637679517889099,
        1.8004791347971751,
        1.9042169756528164,
        1.553321448712445,
        1.6804964086479686,
        1.7256696932983009,
        1.7492562331755943,
        1.7678114953802904,
        1.852295845391723,
        1.8696353436068331,
        1.9804510278875507,
        2.078182809588006,
        2.1416034229386764,
        2.2866288166993978,
        2.4035696955323704,
        2.552231568363856,
        2.584816928141894,
        2.688835816750013
    ],
    "update_ratio": [
        0.019084703445467383,
        0.0004750737475587262,
        2.147180845035707e-05,
        1.912600192470612e-05,
        1.8113377216745464e-05,
        1.0589990074982058e-05,
        8.900683829774373e-06,
        8.21106451236211e-06,
        7.697267445479836e-06,
        7.568425401234755e-06,
        7.590359772329396e-06,
        7.2625325832760324e-06,
        7.262377830015322e-06,
        7.171552618310732e-06,
        7.0106866136676145e-06,
        7.110348499235322e-06,
        7.046146363995249e-06,
        6.937193834979714e-06,
        6.466554178992575e-06,
        6.2714037346401816e-06
    ],
    "grad_min": [
        -14424.118303491487,
        -1.0127395440372413,
        -0.3195516670731896,
        -0.36091892350874094,
        -0.3670724907795401,
        -0.2585023579923293,
        -0.25061610372299425,
        -0.24754296463101644,
        -0.24522503840142185,
        -0.25240589892920523,
        -0.26096583486764463,
        -0.2632606595209244,
        -0.2776203311742267,
        -0.2803579644864115,
        -0.2851236235645051,
        -0.30661743651490564,
        -0.3192510042414333,
        -0.32629906085298926,
        -0.32326904275270957,
        -0.33684142368461895
    ],
    "grad_max": [
        25130.504868615477,
        1.063480163936491,
        0.32132369746512335,
        0.3614959488177525,
        0.3649256924670871,
        0.255099991985202,
        0.2515895129033005,
        0.2450566227331212,
        0.24474403203642073,
        0.2496273967062498,
        0.25817796032009327,
        0.2566455521190884,
        0.2743569074249183,
        0.27879725053572174,
        0.2849661251343127,
        0.30545515311967664,
        0.319239925254475,
        0.3253848575926446,
        0.32421824081834966,
        0.33811033911202565
    ]
}