{
    "Fold1_MelGAN": {
        "eer": 2.4045801527932102,
        "accuracy": 0.9708015267175573,
        "auc": 0.9972202231804672
    },
    "Fold2_MelGAN_Large": {
        "eer": 0.38167938933901363,
        "accuracy": 0.9738549618320611,
        "auc": 0.999940125866791
    },
    "Fold3_FB_MelGAN": {
        "eer": 3.3969465648854946,
        "accuracy": 0.9654580152671756,
        "auc": 0.9938100926519435
    },
    "Fold4_MB_MelGAN": {
        "eer": 3.0152671755745626,
        "accuracy": 0.9696564885496183,
        "auc": 0.9957911106578872
    },
    "Fold5_HiFiGAN": {
        "eer": 6.030534351149653,
        "accuracy": 0.9307251908396946,
        "auc": 0.9852797768195327
    },
    "Fold6_ParallelWaveGAN": {
        "eer": 2.93893129770991,
        "accuracy": 0.9648854961832061,
        "auc": 0.995552196841676
    }
}