{
    "train_loss": [
        0.28237455168865433,
        0.1334433749809993,
        0.10724311616803058,
        0.08812641847786894,
        0.07692060897247587,
        0.06846647363283004,
        0.06227017213428469,
        0.051167620519968045,
        0.04725248130837308,
        0.0467275523254892,
        0.03748945018096189,
        0.03373963741149162,
        0.02631896906539492,
        0.024649823077462638,
        0.01807820425647651,
        0.01591964256236662,
        0.014892071747078121,
        0.009922819974114948,
        0.007874522557329063,
        0.007820615595831701,
        0.006580597775444445,
        0.0034867978562548026,
        0.0025678619557990157,
        0.0013706486967838573,
        0.0016357686789010594,
        0.00113689686849921,
        0.0007577438400553122,
        0.0005629215109194044,
        0.00048320603607067387,
        0.000609765812602951
    ],
    "train_acc": [
        0.8970506088705172,
        0.9711019252969874,
        0.9823483409674897,
        0.9871243436487543,
        0.9896845790042081,
        0.9904293747439764,
        0.9921424049454437,
        0.9932875283953376,
        0.9940695639220943,
        0.9943488623245075,
        0.995549845454884,
        0.9958850035377798,
        0.9964622202361002,
        0.9968346181059844,
        0.9976352735262354,
        0.9977190630469593,
        0.997868022194913,
        0.9987710870293822,
        0.9987059174021524,
        0.9987710870293822,
        0.99893866607083,
        0.9993203738874613,
        0.9995438126093918,
        0.9996089822366216,
        0.9996927717573455,
        0.9998044911183108,
        0.9998417309052993,
        0.9999348303727703,
        0.9998975905857819,
        0.9998975905857819
    ],
    "val_loss": [
        1.6250015456293467,
        1.7140490141523137,
        2.156289443880936,
        0.5058827325789547,
        1.071191111211643,
        1.7989853482934708,
        0.08508068614235542,
        0.04814056905924766,
        0.09841014264939035,
        0.4956780870327476,
        0.19223025810782546,
        0.06015324603526073,
        0.137778623392823,
        0.21382589907118926,
        0.860086093825518,
        0.08580620834603966,
        1.0237012920453186,
        0.04309120247687664,
        0.14415788780965968,
        0.18069950391488648,
        0.2216006973818272,
        0.03013061390520762,
        0.1472754039974703,
        0.13597930564194818,
        0.03428247363424265,
        0.10373932999729035,
        0.04398814297240782,
        0.07277768581620206,
        0.04718876201369985,
        0.06723812915925696
    ],
    "val_acc": [
        0.5891221374045802,
        0.6411832061068702,
        0.6435496183206106,
        0.8754580152671756,
        0.7886641221374046,
        0.7150763358778626,
        0.9786259541984733,
        0.986145038167939,
        0.9775572519083969,
        0.9151908396946565,
        0.9588931297709924,
        0.985763358778626,
        0.9689312977099237,
        0.9563358778625954,
        0.8665648854961832,
        0.9824809160305343,
        0.8460305343511451,
        0.9900763358778626,
        0.9736259541984733,
        0.9637404580152672,
        0.956412213740458,
        0.9928625954198473,
        0.9697709923664122,
        0.9710305343511451,
        0.9919847328244275,
        0.9754961832061069,
        0.9893511450381679,
        0.9825954198473282,
        0.9888549618320611,
        0.9837404580152672
    ],
    "val_auc": [
        0.9843751238272829,
        0.991779153312744,
        0.9934808461045395,
        0.9981727725657012,
        0.9972025930889808,
        0.9943426577705262,
        0.9983502709632305,
        0.9990594137870754,
        0.9992266388905076,
        0.9980519550142765,
        0.9990101917137696,
        0.9995725453062176,
        0.999479130004079,
        0.9987316735621468,
        0.9962765835324282,
        0.9994412446827109,
        0.994687526950644,
        0.9996559495367403,
        0.9992738739001223,
        0.9996560311170677,
        0.999231259833343,
        0.9996751646174464,
        0.9995456587611444,
        0.9997076976866149,
        0.9997511566925005,
        0.9996693432783637,
        0.9998319882291241,
        0.9997690169570538,
        0.9997720820465008,
        0.999742820931181
    ],
    "val_eer": [
        6.320610686999302,
        4.305343511443919,
        3.3025676613462855,
        1.6259541984883552,
        2.1083969465603154,
        1.4936261422178763,
        1.824427480922655,
        1.374045801527396,
        1.0687022900760188,
        1.3698049194232356,
        1.083969465697771,
        0.801526717557257,
        0.7175572518840797,
        0.954198473282738,
        1.040413111809609,
        0.8931297708888107,
        1.0024301336573513,
        0.534351145049157,
        0.6259541984733537,
        0.4351145038440406,
        0.6030534349644535,
        0.5114503816793848,
        0.41221374045767634,
        0.3816793893195564,
        0.396946564885483,
        0.35877862595420645,
        0.4045801525835582,
        0.3664122137397819,
        0.35114503818955584,
        0.36641221374045435
    ]
}