{
    "id_baseline": {
        "eer": 1.4869888475027044,
        "accuracy": 0.9694656488549618,
        "auc": 0.9990710693199213
    }
}