{
    "train_loss": [
        0.3504018206583923,
        0.19570510535376126,
        0.15013079934061682,
        0.12407566677349809,
        0.10918316598899029,
        0.09776767701028863,
        0.08782056255059169,
        0.08340455518631637,
        0.07173619662055238,
        0.06660150068727856,
        0.0628047440517261,
        0.0539482026475018,
        0.048363849750741525,
        0.04622804204335335,
        0.03788025681482619,
        0.032852406928688134,
        0.02751494228490613,
        0.022536789622334085,
        0.019198606646225677,
        0.015302021177266058,
        0.013944917948898376,
        0.008783238112168681,
        0.008804296343685849,
        0.005714244678412703,
        0.005322777286917104,
        0.0037798153730222114,
        0.002557224632974023,
        0.0016637647629018718,
        0.0016788065202506613,
        0.0012101962620860525
    ],
    "train_acc": [
        0.8663777016252163,
        0.9530587317205578,
        0.973161876972144,
        0.9800665015437858,
        0.9835272961693754,
        0.9865045974281546,
        0.9879974892274285,
        0.9896600278220744,
        0.9911105079225053,
        0.9918060597835306,
        0.9924591999457131,
        0.9936127981542429,
        0.9942235266175822,
        0.9949784548569878,
        0.9955976656600957,
        0.9963610762392698,
        0.9965476877141791,
        0.9974807450887253,
        0.9977097682624775,
        0.9979557561157669,
        0.9981593322702134,
        0.9987191666949411,
        0.9989481898686934,
        0.9991432836833712,
        0.9992874834594374,
        0.9994825772741153,
        0.9995334713127269,
        0.9996691887490246,
        0.999703118108099,
        0.9997624944864791
    ],
    "val_loss": [
        0.2102278091195153,
        0.18605671041622396,
        0.2029476754549073,
        0.15033494120622734,
        0.2203155854807758,
        0.16870343612461555,
        0.10331137083675258,
        0.10906118310337727,
        0.1363135084450222,
        0.09103012853656986,
        0.49307226780347707,
        0.2666124697411206,
        0.5081899905713593,
        0.3453482790600236,
        0.9000494916264604,
        0.2121084001165156,
        0.21995320180203856,
        0.3572318468515466,
        0.24909008342454,
        0.33111119555968155,
        0.5540952051467285,
        0.21441489717037213,
        0.15969208566554988,
        0.24108941824084557,
        0.2967906567685465,
        0.43258259827043954,
        0.25043347044656245,
        0.2468789436505886,
        0.23675405782102266,
        0.3168299965242424
    ],
    "val_acc": [
        0.9114503816793893,
        0.7305343511450382,
        0.9561068702290076,
        0.9629770992366412,
        0.9488549618320611,
        0.9679389312977099,
        0.9763358778625955,
        0.9751908396946565,
        0.9767175572519083,
        0.9770992366412213,
        0.9469465648854962,
        0.9622137404580152,
        0.9385496183206107,
        0.9572519083969465,
        0.9,
        0.9721374045801526,
        0.9713740458015268,
        0.9587786259541985,
        0.9751908396946565,
        0.9671755725190839,
        0.9465648854961832,
        0.9709923664122138,
        0.9812977099236642,
        0.9732824427480916,
        0.9683206106870229,
        0.9587786259541985,
        0.9717557251908397,
        0.9732824427480916,
        0.9744274809160305,
        0.9694656488549618
    ],
    "val_auc": [
        0.9743963845761353,
        0.9920898024637366,
        0.994748888402945,
        0.9960084554267803,
        0.9889108535607551,
        0.9973852321597785,
        0.9975391792404695,
        0.9968986077702457,
        0.9978115022960856,
        0.9974639550987681,
        0.9967799402288797,
        0.9981981193964574,
        0.9983258254974852,
        0.9979473722574532,
        0.9985380858663166,
        0.9982401049639187,
        0.9985847364968292,
        0.9985917340914061,
        0.9979922734893213,
        0.998968437932794,
        0.9985322545375028,
        0.9990419126758511,
        0.9987381004446388,
        0.9987503462351484,
        0.998838982433122,
        0.9983450688825717,
        0.9983199941686712,
        0.9989235367009257,
        0.9988319848385451,
        0.9986885341497194
    ],
    "val_eer": [
        8.847583643122535,
        4.549019607910081,
        3.6862745097276344,
        3.294117647099882,
        5.501858736059741,
        2.379182156133833,
        2.6022304832713683,
        2.352941176449471,
        2.0817843866169907,
        2.3529411763894634,
        2.602230483271359,
        2.431372549098907,
        2.007434944237788,
        2.2304832713877536,
        1.784386617104797,
        2.007434944237917,
        1.6470588234093166,
        1.7100371747211338,
        1.8823529411787305,
        1.5613382899628179,
        1.6356877323420098,
        1.4126394052044677,
        1.4901960784449488,
        1.4126394052044688,
        1.3333333332624664,
        1.4126394052044748,
        1.6356877323420116,
        1.263940520447976,
        1.4126394052238904,
        1.3333333332450414
    ]
}