{
    "train_loss": [
        0.4210581305682815,
        0.23666867216579687,
        0.16285825695650882,
        0.12782133901398385,
        0.11175149940778424,
        0.0964650983461191,
        0.08390973732302716,
        0.07714359133319407,
        0.071967008764403,
        0.06324210860021874,
        0.05712339425045504,
        0.04813662019822031,
        0.0486467202079656,
        0.03860469602488224,
        0.03771761880891797,
        0.029818243670205764,
        0.02994434826507675,
        0.02422354222450616,
        0.01804380083690443,
        0.013110844158772807,
        0.01279046760300128,
        0.010608830076327265,
        0.0075915133255978285,
        0.005569123890270952,
        0.004940671266877735,
        0.0038862302694647535,
        0.002995533748201864,
        0.0019518170889941443,
        0.0030333090384033015,
        0.002212454792229451
    ],
    "train_acc": [
        0.8083287895310796,
        0.919179389312977,
        0.9524263904034896,
        0.9666303162486368,
        0.9723009814612869,
        0.9780398037077427,
        0.9817339149400218,
        0.9836832061068702,
        0.9846237731733914,
        0.9879362050163577,
        0.989040348964013,
        0.990948745910578,
        0.9910850599781897,
        0.9926799345692475,
        0.9937022900763359,
        0.9948336968375137,
        0.9947655398037077,
        0.9957333696837514,
        0.9968375136314067,
        0.9974918211559433,
        0.9975054525627045,
        0.9982006543075246,
        0.9985414394765539,
        0.9987595419847328,
        0.9988276990185387,
        0.9991957470010905,
        0.9993593238822246,
        0.9994820065430753,
        0.9993729552889858,
        0.9994820065430753
    ],
    "val_loss": [
        0.34495047007392093,
        0.855257601636212,
        0.1144968086808193,
        0.09133363452671868,
        0.6870099633205228,
        0.1256389636943889,
        0.1671752134372094,
        0.08206627653093963,
        0.17451722037172082,
        0.21802364197125226,
        0.13047026465121633,
        0.2898150877430808,
        0.5471234568508296,
        0.33066671871347353,
        0.38163408836266083,
        0.638497011690605,
        0.3329228441353047,
        0.21856334573997785,
        0.4399693269577522,
        0.2107432366142015,
        0.22200748034678017,
        0.3839238740716033,
        0.4612889188603021,
        0.25037351540644764,
        0.2795037245417273,
        0.2782133907118206,
        0.2737257917801466,
        0.2856822423036259,
        0.2691277224487294,
        0.2396546732436602
    ],
    "val_acc": [
        0.8759541984732825,
        0.8229007633587786,
        0.9431297709923664,
        0.9526717557251908,
        0.8845419847328244,
        0.9572519083969465,
        0.9583969465648855,
        0.9505725190839694,
        0.9635496183206107,
        0.9606870229007634,
        0.9730916030534351,
        0.9522900763358778,
        0.934351145038168,
        0.957442748091603,
        0.9528625954198473,
        0.9299618320610687,
        0.9587786259541985,
        0.9713740458015268,
        0.9545801526717558,
        0.974618320610687,
        0.9740458015267176,
        0.9604961832061069,
        0.9559160305343511,
        0.974618320610687,
        0.9729007633587786,
        0.9704198473282443,
        0.9727099236641221,
        0.9698473282442748,
        0.9713740458015268,
        0.976145038167939
    ],
    "val_auc": [
        0.9569639007050871,
        0.9761996678515238,
        0.9898750072839577,
        0.9924631431734747,
        0.9937422061651419,
        0.9932506846920343,
        0.9929938523396072,
        0.9941498892838412,
        0.9964766039275101,
        0.9959786725715285,
        0.9975454518967426,
        0.9963029543732882,
        0.996418623623332,
        0.9967000757531612,
        0.9968018326437853,
        0.9969121846046267,
        0.9974224986888877,
        0.9974300740050115,
        0.9976933162403122,
        0.9978883806304993,
        0.9980457141192237,
        0.997398898665579,
        0.997940242410116,
        0.9978130645067304,
        0.9976627236175049,
        0.9982098216887128,
        0.9978940621175924,
        0.9981016549152146,
        0.9985533331390944,
        0.9980404696695997
    ],
    "val_eer": [
        11.832061068709224,
        8.053435114503174,
        5.458015267175761,
        4.274809160252948,
        3.9312977099865294,
        4.122137404580228,
        4.427480916031519,
        3.854961832061067,
        3.015267175486416,
        3.0152671754908926,
        2.404580152671791,
        2.8244274809183976,
        2.977099236650569,
        2.8244274809080654,
        2.519083969455288,
        2.5190839694656324,
        2.175572519083984,
        2.328244274799535,
        2.2900763358778713,
        2.0992366411855037,
        2.0610687022992837,
        2.0992366412214047,
        2.099236641331037,
        1.9083969465638957,
        1.870229007633588,
        1.793893129789794,
        1.9083969465645576,
        1.9083969465796362,
        1.793893129669904,
        1.946564885495905
    ]
}