{
    "model_path": "Frontend/ConvNeXt/results/ConvNeXt_SplitBand/best_model_run1.pth",
    "split": "test",
    "metrics": {
        "mAP": 0.25832581789431186,
        "AUC": 0.725842513209632,
        "F1_micro": 0.4239759314973386,
        "F1_macro": 0.2511366888970836
    }
}