{
    "train_loss": [
        0.34757901126395535,
        0.16592703626624175,
        0.12561134324142975,
        0.10700970987739847,
        0.08963052957999773,
        0.08434939446822758,
        0.07452443360564184,
        0.06857450286318197,
        0.05599685607869505,
        0.049010296135040606,
        0.04500207935038451,
        0.03838853045631336,
        0.037268115830517805,
        0.02682541551967513,
        0.02782193799284742,
        0.023074002398961554,
        0.016246869870488834,
        0.01681879593123082,
        0.01296247266362988,
        0.007694685612692488,
        0.008625648444664426,
        0.00450043150885476,
        0.0037569642243450024,
        0.0027395202592891805,
        0.0017461518511596179,
        0.0016787501342338947,
        0.000977947171136277,
        0.0008646756998965772,
        0.0008620333087811006,
        0.0006313634068743983
    ],
    "train_acc": [
        0.8483231707317073,
        0.9574150696864111,
        0.9746406794425088,
        0.9798562717770035,
        0.9843641114982579,
        0.9870100174216028,
        0.9883384146341463,
        0.9896341463414634,
        0.9915940766550523,
        0.992595818815331,
        0.9932817944250871,
        0.9944686411149826,
        0.9945230836236933,
        0.996265243902439,
        0.9960365853658537,
        0.996940331010453,
        0.9976154181184669,
        0.9975065331010453,
        0.9982142857142857,
        0.9986933797909407,
        0.9988567073170732,
        0.9991615853658536,
        0.9992595818815331,
        0.9994882404181185,
        0.9996297909407665,
        0.9996297909407665,
        0.9998584494773519,
        0.9997713414634146,
        0.9997604529616725,
        0.9998257839721254
    ],
    "val_loss": [
        0.04554891750018872,
        0.053834646630491055,
        0.009833172365094778,
        0.009912769041611877,
        0.007514122361368014,
        0.027834704963799382,
        0.03245630927884968,
        0.018291736019202188,
        0.0036620291050906972,
        0.020749344687470278,
        0.0028848595869880546,
        0.02248635491913987,
        0.026938136102597595,
        0.006776048287366189,
        0.01371842643179337,
        0.009500610558682862,
        0.04954103092804626,
        0.002559162171582254,
        0.0038504256872627977,
        0.0023188249034772324,
        0.004431564672456978,
        0.0077393055739447955,
        0.004978444587020191,
        0.003467857025305282,
        0.001962766267782645,
        0.002567852414301198,
        0.0025815575179579564,
        0.002511013932186007,
        0.0020089221704824487,
        0.00215964506829683
    ],
    "val_acc": [
        0.9878027416458635,
        0.9797661279726712,
        0.9968028730346429,
        0.9968466692944422,
        0.9976350019708317,
        0.99178820128761,
        0.9894669995182411,
        0.994328384355976,
        0.9989050935050147,
        0.9931020890815925,
        0.9991678710638111,
        0.9954670871107607,
        0.9936057460692856,
        0.998357640257522,
        0.9969780580738405,
        0.9975912057110323,
        0.9903429247142294,
        0.9993430561030088,
        0.9989488897648141,
        0.999474444882407,
        0.9991897691937108,
        0.9987956028555162,
        0.9990145841545132,
        0.9991240748040118,
        0.9996058336618053,
        0.9992992598432094,
        0.9994306486226077,
        0.999321157973109,
        0.9994963430123067,
        0.9995401392721062
    ],
    "val_auc": [
        0.998414179917893,
        0.99907036468044,
        0.9998200436647036,
        0.9997998146336297,
        0.9999647222575131,
        0.9995567146553352,
        0.999979259969068,
        0.999977715249314,
        0.9999882141867625,
        0.9997836220326262,
        0.9999936570384604,
        0.9999888892691436,
        0.9999764705661738,
        0.9999830854358945,
        0.9999863014533492,
        0.9999946743501044,
        0.9999546874392016,
        0.9999965308266525,
        0.9999967933586896,
        0.9999982138445331,
        0.9999981997803169,
        0.9999969761935011,
        0.9999978247345496,
        0.9999986357710214,
        0.9999985795141563,
        0.9999975153217916,
        0.9999984013674168,
        0.999997585642873,
        0.9999986545233097,
        0.9999980966427309
    ],
    "val_eer": [
        1.114503816830718,
        1.1238715224896305,
        0.4114720873592804,
        0.47328244274809317,
        0.17809985885246762,
        0.9236641221583757,
        0.15267175568256297,
        0.20880673108360162,
        0.14503816794035732,
        0.7369649326425806,
        0.1068702290076545,
        0.15267175572525551,
        0.21494810540522127,
        0.13740458015266369,
        0.1526717557472502,
        0.0859792422730479,
        0.16793893129589382,
        0.061413744529264916,
        0.09826199096562493,
        0.0798378677895577,
        0.07983786779580163,
        0.06870229007634639,
        0.06870229007656148,
        0.05343511448312366,
        0.061068702290143016,
        0.06870229007639966,
        0.07633587782977029,
        0.09160305343512752,
        0.061068702290081586,
        0.07983786770684703
    ]
}