{
    "train_loss": [
        0.31466802926629445,
        0.15686819923248957,
        0.1160815759425266,
        0.09801904479658272,
        0.08354819039834203,
        0.06767640693545963,
        0.06403657193160919,
        0.05229012692597781,
        0.051536962224437106,
        0.04326565519559371,
        0.040356593923673176,
        0.03428463481334539,
        0.030298887624621018,
        0.02401133149441464,
        0.02094503314825728,
        0.015369763648052119,
        0.015149460652926746,
        0.013864041150824367,
        0.009318227732601873,
        0.006674541192340256,
        0.003913563246107376,
        0.003312763873008742,
        0.002563194632280242,
        0.0018753208521727347,
        0.001523507723856063,
        0.0006299995230204183,
        0.0005106559746317661,
        0.0006085986843227862,
        0.0005137613904962104,
        0.0004862844929756976
    ],
    "train_acc": [
        0.8807554525339796,
        0.9686545148034981,
        0.9808590594598392,
        0.9862764724475819,
        0.989015909809293,
        0.9914304779966986,
        0.9922997225441647,
        0.9932128683314017,
        0.9935816387454782,
        0.9950479401538299,
        0.9952147648649597,
        0.9959523056931128,
        0.9966986267692199,
        0.9971025181751133,
        0.9974098268535103,
        0.9981385874337091,
        0.9980859059459839,
        0.9985424788396025,
        0.9987093035507323,
        0.9991395357004882,
        0.999262459171847,
        0.9994468443788853,
        0.9995697678502441,
        0.9996663505777403,
        0.9996926913216029,
        0.9998507357847786,
        0.9998946370245496,
        0.9998419555368243,
        0.9999034172725038,
        0.9999209777684122
    ],
    "val_loss": [
        0.023175443073630977,
        0.3264710703624828,
        0.07795097923440715,
        0.1407217318530879,
        1.0820382123002505,
        0.037715082960169774,
        0.08163742244211422,
        0.3302229219079293,
        0.10114764391228258,
        0.04499250715933263,
        0.05179405605048571,
        0.036561274100693035,
        0.07719579575693901,
        0.08998482190177975,
        0.04873162104383493,
        0.07637045011993245,
        0.17795277392825165,
        1.024456039969914,
        0.10802076282787293,
        0.3099353110911985,
        0.04781995561543436,
        0.17991932491942647,
        0.10446031396002835,
        0.09396339150806468,
        0.08013649418699509,
        0.11794564506983088,
        0.10245034060665963,
        0.1452051306075576,
        0.09171447506204293,
        0.10615225555753119
    ],
    "val_acc": [
        0.9914364640883978,
        0.9071270718232044,
        0.9739226519337016,
        0.9660220994475138,
        0.8348618784530387,
        0.990110497237569,
        0.9860773480662983,
        0.9396132596685083,
        0.9824309392265194,
        0.9916022099447513,
        0.9887845303867403,
        0.9932596685082873,
        0.9878453038674033,
        0.9854143646408839,
        0.9922099447513812,
        0.9879005524861878,
        0.9700552486187846,
        0.8798895027624309,
        0.9852486187845304,
        0.9612707182320442,
        0.9920441988950276,
        0.9741988950276244,
        0.9861325966850829,
        0.9865193370165746,
        0.9879005524861878,
        0.9827624309392266,
        0.9838121546961326,
        0.9787845303867403,
        0.9856353591160221,
        0.983646408839779
    ],
    "val_auc": [
        0.9996134351145038,
        0.9963610916030533,
        0.9996848549618319,
        0.9974043435114505,
        0.9908389541984732,
        0.9997628625954199,
        0.9975374122137405,
        0.9976317938931297,
        0.998127564885496,
        0.9993456564885496,
        0.9990634656488548,
        0.9994883511450381,
        0.9985407557251909,
        0.9986292442748091,
        0.9990283664122137,
        0.998716,
        0.9979562061068703,
        0.9751050076335877,
        0.9976483435114505,
        0.9937364045801529,
        0.9996336335877862,
        0.9967055496183205,
        0.9985178473282443,
        0.9987021755725191,
        0.9991120763358778,
        0.9982737709923665,
        0.9989388396946565,
        0.9982855419847327,
        0.9988480839694657,
        0.9987617786259543
    ],
    "val_eer": [
        0.839999999871912,
        2.6335877862594237,
        0.7709923664122112,
        2.3400000001114933,
        1.7456668756378924,
        0.49618320609044086,
        1.760000000091327,
        1.4077669903073904,
        1.6200000000624402,
        0.8199999999608031,
        1.2366412213740452,
        0.7200000000117711,
        1.2000000000019344,
        0.6999999998421266,
        0.7600000000790808,
        1.0076335877877718,
        0.826771653543305,
        4.556454298548773,
        1.0052493438320207,
        1.4115942028985493,
        0.5200000001010457,
        1.662983425420418,
        0.9399999999510356,
        0.7600000000591981,
        0.6399999998889201,
        1.02000000011959,
        0.7799999999676429,
        0.8441558441558482,
        0.7709923664413356,
        0.7399999999448651
    ]
}